Project Name,Renewable Technology,Energy Storage Power Capacity  (MWac),Energy Storage Energy Capacity (MWh),New Renewable Capacity (MW),ZIP Code,County/Province,State/Province,Georeference,Household_Income,Normalized Capacity,Environmental Score,Social Score
Attentive Energy One,Offshore Wind,96.13333333333334,75.42857142857143,1404.0,,,,,88311.0,1.0,100.0,10
Excelsior Wind A,Offshore Wind,96.13333333333334,75.42857142857143,1314.0,,,,,67962.0,0.9358974358974359,93.58974358974359,30
Community Offshore Wind 1,Offshore Wind,96.13333333333334,75.42857142857143,1314.0,,,,,67946.0,0.9358974358974359,93.58974358974359,30
Empire Wind 2,Offshore Wind,96.13333333333334,75.42857142857143,1260.0,,,,,59278.0,0.8974358974358975,89.74358974358975,45
Beacon Wind,Offshore Wind,96.13333333333334,75.42857142857143,1230.0,,,,,70076.0,0.8760683760683761,87.6068376068376,20
Sunrise Wind,Offshore Wind,96.13333333333334,75.42857142857143,924.0,,,,,96920.0,0.6581196581196581,65.8119658119658,10
Sunrise Wind,Offshore Wind,96.13333333333334,75.42857142857143,924.0,,,,,89874.0,0.6581196581196581,65.8119658119658,10
Empire Wind,Offshore Wind,96.13333333333334,75.42857142857143,816.0,,,,,118452.0,0.5811965811965812,58.119658119658126,5
Empire Wind 1,Offshore Wind,96.13333333333334,75.42857142857143,810.0,,,,,109101.0,0.576923076923077,57.6923076923077,5
Cider Solar Farm,Solar,96.13333333333334,75.42857142857143,500.0,14058,Genesee,NY,POINT (-78.18627 43.0822),184662.0,0.3561253561253561,35.61253561253561,5
Cider Solar Farm,Solar,96.13333333333334,75.42857142857143,500.0,14125,Genesee,NY,POINT (-78.27071 43.06599),91986.0,0.3561253561253561,35.61253561253561,10
Mineral Basin Solar,Solar,96.13333333333334,75.42857142857143,401.64,16836,,PA,POINT (-78.22134 41.10312),145190.0,0.2860683760683761,28.60683760683761,5
Columbia Solar Energy Center,Solar,20.0,80.0,350.0,13357,Herkimer,NY,POINT (-75.04217 43.0184),32363.0,0.2492877492877493,24.92877492877493,75
Ridge View Solar Energy Center,Solar,20.0,80.0,350.0,14067,Niagara,NY,POINT (-78.5731 43.19823),124285.0,0.2492877492877493,24.92877492877493,5
Alle-Catt Wind,Land Based Wind,96.13333333333334,75.42857142857143,340.0,14065,Cattaraugus,NY,POINT (-78.38541 42.49798),82887.0,0.24216524216524218,24.216524216524217,10
Alle-Catt Wind Farm,Land Based Wind,96.13333333333334,75.42857142857143,339.78,14009,Cattaraugus,NY,POINT (-78.42825 42.53383),61579.0,0.24200854700854701,24.200854700854702,30
Maple Ridge,Land Based Wind,96.13333333333334,75.42857142857143,321.0,13367,Lewis,NY,POINT (-75.4895 43.7871),53440.0,0.22863247863247865,22.863247863247864,45
North Country Wind,Land Based Wind,96.13333333333334,75.42857142857143,298.2,12917,Franklin,NY,POINT (-74.16902 44.90356),22018.0,0.2123931623931624,21.23931623931624,90
Canisteo Wind & Storage,Land Based Wind,96.13333333333334,75.42857142857143,290.0,14855,Steuben,NY,POINT (-77.50328 42.12147),27572.0,0.20655270655270655,20.655270655270655,90
Excelsior Energy Center - Solar + Storage 2,Solar,20.0,80.0,280.0,14422,Genesee,NY,POINT (-78.06382 43.07967),26961.0,0.19943019943019943,19.943019943019944,90
Excelsior Energy Center LLC,Solar,96.13333333333334,75.42857142857143,280.0,14422,Genesee,NY,POINT (-78.06382 43.07967),193780.0,0.19943019943019943,19.943019943019944,5
Baron Winds,Land Based Wind,96.13333333333334,75.42857142857143,272.0,14826,Steuben,NY,POINT (-77.51062 42.50697),190101.0,0.19373219373219375,19.373219373219374,5
South Ripley Solar and Storage,Solar,20.0,80.0,270.0,14775,Chautauqua,NY,POINT (-79.71066 42.2668),131112.0,0.19230769230769232,19.230769230769234,5
Canisteo Wind Energy Center,Land Based Wind,96.13333333333334,75.42857142857143,252.0,14855,Steuben,NY,POINT (-77.50328 42.12147),72749.0,0.1794871794871795,17.94871794871795,20
Mill Point Solar,Solar,96.13333333333334,75.42857142857143,250.0,12072,Montgomery,NY,POINT (-74.37026 42.94801),184572.0,0.17806267806267806,17.806267806267805,5
Fort Covington Solar Farm,Solar,77.0,308.0,250.0,12937,Franklin,NY,POINT (-74.49412 44.98874),114416.0,0.17806267806267806,17.806267806267805,5
Rich Road Solar Energy Center,Solar,20.0,80.0,240.0,13617,St Lawrence,NY,POINT (-75.16983 44.59994),41877.0,0.17094017094017094,17.094017094017094,60
Marble River,Land Based Wind,96.13333333333334,75.42857142857143,215.25,12923,Clinton,NY,POINT (-73.9322 44.95524),44616.0,0.15331196581196582,15.331196581196583,60
"Garnet Energy Center, LLC",Solar,96.13333333333334,75.42857142857143,200.0,13140,Cayuga,NY,POINT (-76.62291 43.03722),66473.0,0.14245014245014245,14.245014245014245,30
Harvest Hills Solar (Formerly Milliken Solar),Solar,96.13333333333334,75.42857142857143,200.0,13071,Cayuga,NY,POINT (-76.53868 42.66918),149721.0,0.14245014245014245,14.245014245014245,5
SunEast Flat Creek Solar,Solar,96.13333333333334,75.42857142857143,200.0,12166,Montgomery,NY,POINT (-74.51427 42.89135),22970.0,0.14245014245014245,14.245014245014245,90
Garnet Energy Center Storage 1,Solar,20.0,80.0,200.0,13140,Cayuga,NY,POINT (-76.62291 43.03722),79724.0,0.14245014245014245,14.245014245014245,20
Hemlock Ridge Solar,Solar,96.13333333333334,75.42857142857143,200.0,14103,Orleans,NY,POINT (-78.38691 43.22012),105683.0,0.14245014245014245,14.245014245014245,5
Orleans Solar,Solar,96.13333333333334,75.42857142857143,200.0,14103,Orleans,NY,POINT (-78.38691 43.22012),145064.0,0.14245014245014245,14.245014245014245,5
Horseshoe Solar,Solar,96.13333333333334,75.42857142857143,180.0,14423,Livingston,NY,POINT (-77.8533 42.97389),30014.0,0.12820512820512822,12.820512820512823,75
North Side Energy Center,Solar,96.13333333333334,75.42857142857143,180.0,13662,St Lawrence,NY,POINT (-74.89298 44.93182),153387.0,0.12820512820512822,12.820512820512823,5
Morris Ridge Solar,Solar,96.13333333333334,75.42857142857143,177.0,14510,Livingston,NY,POINT (-77.8741 42.72573),198591.0,0.12606837606837606,12.606837606837606,5
Yellow Barn Solar,Solar,96.13333333333334,75.42857142857143,160.0,14882,Tompkins,NY,POINT (-76.49907 42.5343),67010.0,0.11396011396011396,11.396011396011396,30
Heritage Wind,Land Based Wind,96.13333333333334,75.42857142857143,147.0,14411,Orleans,NY,POINT (-78.19375 43.24613),94098.0,0.1047008547008547,10.47008547008547,10
Stonewall Solar,Solar,20.0,80.0,145.0,13757,Delaware,NY,POINT (-74.88682 42.42192),188579.0,0.10327635327635327,10.327635327635328,5
Prattsburgh Wind Farm,Land Based Wind,96.13333333333334,75.42857142857143,145.0,14873,Steuben,NY,POINT (-77.28905 42.52343),87207.0,0.10327635327635327,10.327635327635328,10
Oxbow Hill Solar,Solar,96.13333333333334,75.42857142857143,140.0,13035,Madison,NY,POINT (-75.84845 42.9296),87684.0,0.09971509971509972,9.971509971509972,10
"White Creek Solar, LLC",Solar,96.13333333333334,75.42857142857143,135.0,14533,Livingston,NY,POINT (-77.85233 42.8284),90497.0,0.09615384615384616,9.615384615384617,10
Newport Solar Farm,Solar,96.13333333333334,75.42857142857143,130.0,13502,Oneida,NY,POINT (-75.24727 43.10108),114974.0,0.0925925925925926,9.25925925925926,5
Alabama Solar Park,Solar,20.0,80.0,130.0,14125,Genesee,NY,POINT (-78.27071 43.06599),77343.0,0.0925925925925926,9.25925925925926,20
"Heritage Wind, LLC",Land Based Wind,96.13333333333334,75.42857142857143,126.0,14411,Orleans,NY,POINT (-78.19375 43.24613),21105.0,0.08974358974358974,8.974358974358974,90
Wethersfield,Land Based Wind,96.13333333333334,75.42857142857143,126.0,14066,Wyoming,NY,POINT (-78.13413 42.64198),29022.0,0.08974358974358974,8.974358974358974,90
Somerset Solar,Solar,96.13333333333334,75.42857142857143,125.0,14012,Niagara,NY,POINT (-78.55259 43.33009),93195.0,0.08903133903133903,8.903133903133902,10
Baron Winds I,Land-based Wind,96.13333333333334,75.42857142857143,121.8,14826,Steuben,NY,POINT (-77.51062 42.50697),198493.0,0.08675213675213675,8.675213675213675,5
Greens Corners Solar,Solar,96.13333333333334,75.42857142857143,120.0,13601,Jefferson,NY,POINT (-75.91428 43.97586),111722.0,0.08547008547008547,8.547008547008547,5
Tracy Solar Energy Center,Solar,5.0,20.0,119.0,13656,Jefferson,NY,POINT (-75.96182 44.19682),75994.0,0.08475783475783476,8.475783475783476,20
Baron Winds II,Land Based Wind,96.13333333333334,75.42857142857143,117.0,14572,Steuben,NY,POINT (-77.58991 42.56779),133049.0,0.08333333333333334,8.333333333333334,5
Baron Winds II,Land Based Wind,96.13333333333334,75.42857142857143,112.5,14826,Steuben,NY,POINT (-77.51062 42.50697),21605.0,0.08012820512820513,8.012820512820513,90
High Sheldon,Land Based Wind,96.13333333333334,75.42857142857143,112.5,14145,Wyoming,NY,POINT (-78.44801 42.70145),171548.0,0.08012820512820513,8.012820512820513,5
Gravel Road Solar,Solar,96.13333333333334,75.42857142857143,112.0,13148,Seneca,NY,POINT (-76.80882 42.91054),51419.0,0.07977207977207977,7.977207977207977,45
Bluestone Wind,Land-based Wind,96.13333333333334,75.42857142857143,111.8,13865,Broome,NY,POINT (-75.64093 42.07398),26977.0,0.07962962962962963,7.962962962962964,90
Eight Point Wind,Land-based Wind,96.13333333333334,75.42857142857143,111.2,14877,Steuben,NY,POINT (-77.66125 42.08494),111674.0,0.07920227920227921,7.920227920227921,5
Rutland Center Solar 1,Solar,96.13333333333334,75.42857142857143,110.2,13601,Jefferson,NY,POINT (-75.91428 43.97586),60299.0,0.0784900284900285,7.849002849002849,30
Valcour Bliss Windpark,Land Based Wind,96.13333333333334,75.42857142857143,108.0,14024,Wyoming,NY,POINT (-78.2584 42.59483),137506.0,0.07692307692307693,7.6923076923076925,5
Ball Hill,Land-based Wind,96.13333333333334,75.42857142857143,107.5,14062,Chautauqua,NY,POINT (-79.17639 42.46807),104035.0,0.07656695156695158,7.656695156695157,5
Chateaugay Wind Farm,Land Based Wind,96.13333333333334,75.42857142857143,106.5,12920,Clinton,NY,POINT (-74.08016 44.92649),71968.0,0.07585470085470086,7.585470085470086,20
Number Three Wind Farm,Land-based Wind,96.13333333333334,75.42857142857143,103.9,13367,Lewis,NY,POINT (-75.4895 43.7871),43619.0,0.07400284900284901,7.400284900284901,60
Valcour Altona Windpark,Land Based Wind,96.13333333333334,75.42857142857143,103.5,12910,Clinton,NY,POINT (-73.65582 44.88942),74910.0,0.07371794871794872,7.371794871794872,20
Altona,Land Based Wind,96.13333333333334,75.42857142857143,102.0,12910,Clinton,NY,POINT (-73.65582 44.88942),189350.0,0.07264957264957266,7.264957264957266,5
Moose River Hydro,Hydroelectric,96.13333333333334,75.42857142857143,101.46530769230769,13368,Lewis,NY,POINT (-75.36537 43.61971),175800.0,0.07226873767258382,7.2268737672583825,5
Lyons Falls Hydro,Maintenance Hydroelectric,96.13333333333334,75.42857142857143,101.46530769230769,13368,Lewis,NY,POINT (-75.36537 43.61971),128462.0,0.07226873767258382,7.2268737672583825,5
Lyonsdale Biomass,Maintenance Biomass,96.13333333333334,75.42857142857143,101.46530769230769,13368,Lewis,NY,POINT (-75.36537 43.61971),92612.0,0.07226873767258382,7.2268737672583825,10
New York Blade Facility,,96.13333333333334,75.42857142857143,101.46530769230769,,,,,67891.0,0.07226873767258382,7.2268737672583825,30
Dutch Hill*,Land Based Wind,96.13333333333334,75.42857142857143,101.46530769230769,14826,Steuben,NY,POINT (-77.51062 42.50697),155452.0,0.07226873767258382,7.2268737672583825,5
New York Nacelle Facility,,96.13333333333334,75.42857142857143,101.46530769230769,,,,,100866.0,0.07226873767258382,7.2268737672583825,5
Lyonsdale,Maintenance Biomass,96.13333333333334,75.42857142857143,101.46530769230769,13368,Lewis,NY,POINT (-75.36537 43.61971),53627.0,0.07226873767258382,7.2268737672583825,45
Champlain Hudson Power Express (CHPE),Hydroelectric,96.13333333333334,75.42857142857143,101.46530769230769,,,,,65309.0,0.07226873767258382,7.2268737672583825,30
Azure Mountain,Maintenance Hydroelectric,96.13333333333334,75.42857142857143,101.46530769230769,12980,Franklin,NY,POINT (-74.54633 44.67299),99346.0,0.07226873767258382,7.2268737672583825,10
Port of Albany Port Infrastructure Investment Plan,,96.13333333333334,75.42857142857143,101.46530769230769,,,,,97944.0,0.07226873767258382,7.2268737672583825,10
Talcville,Hydroelectric,96.13333333333334,75.42857142857143,101.46530769230769,13635,St Lawrence,NY,POINT (-75.24961 44.32655),158496.0,0.07226873767258382,7.2268737672583825,5
Black Brook Hydro_October 2021 Award,Maintenance Hydroelectric,96.13333333333334,75.42857142857143,101.46530769230769,12912,Clinton,NY,POINT (-73.67684 44.44009),45148.0,0.07226873767258382,7.2268737672583825,60
Higley Falls*,Hydroelectric,96.13333333333334,75.42857142857143,101.46530769230769,13625,St Lawrence,NY,POINT (-74.94156 44.55449),187356.0,0.07226873767258382,7.2268737672583825,5
Kayuta Lake Hydro,Maintenance Hydroelectric,96.13333333333334,75.42857142857143,101.46530769230769,13338,Oneida,NY,POINT (-75.20483 43.44104),123336.0,0.07226873767258382,7.2268737672583825,5
Boralex Chateaugay,Maintenance Biomass,96.13333333333334,75.42857142857143,101.46530769230769,12920,Franklin,NY,POINT (-74.08016 44.92649),143945.0,0.07226873767258382,7.2268737672583825,5
Browns Falls*,Hydroelectric,96.13333333333334,75.42857142857143,101.46530769230769,13670,St Lawrence,NY,POINT (-75.07083 44.18332),155518.0,0.07226873767258382,7.2268737672583825,5
Finger Lakes,Maintenance Hydroelectric,96.13333333333334,75.42857142857143,101.46530769230769,14850,Tompkins,NY,POINT (-76.49546 42.44051),186577.0,0.07226873767258382,7.2268737672583825,5
South Brooklyn Marine Terminal,,96.13333333333334,75.42857142857143,101.46530769230769,,,,,75829.0,0.07226873767258382,7.2268737672583825,20
Baldwinsville,Hydroelectric,96.13333333333334,75.42857142857143,101.46530769230769,13027,Onondaga,NY,POINT (-76.33276 43.15867),109118.0,0.07226873767258382,7.2268737672583825,5
Clean Path NY (CPNY),Wind/Solar,1168.0,75.42857142857143,101.46530769230769,,,,,46557.0,0.07226873767258382,7.2268737672583825,60
Kayuta Lake Hydro _July 2021 Award,Maintenance Hydroelectric,96.13333333333334,75.42857142857143,101.46530769230769,13338,Oneida,NY,POINT (-75.20483 43.44104),25295.0,0.07226873767258382,7.2268737672583825,90
Long Falls - Ampersand,Maintenance Hydroelectric,96.13333333333334,75.42857142857143,101.46530769230769,13619,Jefferson,NY,POINT (-75.60618 43.98008),140369.0,0.07226873767258382,7.2268737672583825,5
Howard*,Land Based Wind,96.13333333333334,75.42857142857143,101.46530769230769,14823,Steuben,NY,POINT (-77.60504 42.27),80543.0,0.07226873767258382,7.2268737672583825,10
Cohocton*,Land Based Wind,96.13333333333334,75.42857142857143,101.46530769230769,14826,Steuben,NY,POINT (-77.51062 42.50697),193603.0,0.07226873767258382,7.2268737672583825,5
Bliss,Land Based Wind,96.13333333333334,75.42857142857143,100.5,14024,Wyoming,NY,POINT (-78.2584 42.59483),125566.0,0.07158119658119659,7.158119658119659,5
Clinton Wind,Land Based Wind,96.13333333333334,75.42857142857143,100.5,12962,Clinton,NY,POINT (-73.56636 44.69294),72529.0,0.07158119658119659,7.158119658119659,20
Flint Mine Solar,Solar,96.13333333333334,75.42857142857143,100.0,12051,Greene,NY,POINT (-73.80015 42.34806),81346.0,0.07122507122507123,7.122507122507122,10
Fort Edward Solar Farm,Solar,96.13333333333334,75.42857142857143,100.0,12828,Washington,NY,POINT (-73.58658 43.26888),126355.0,0.07122507122507123,7.122507122507122,5
Harvest Hills Solar 2,Solar,96.13333333333334,75.42857142857143,100.0,13071,Cayuga,NY,POINT (-76.53868 42.66918),103216.0,0.07122507122507123,7.122507122507122,5
Mill Point Solar 2,Solar,96.13333333333334,75.42857142857143,100.0,12072,Montgomery,NY,POINT (-74.37026 42.94801),120152.0,0.07122507122507123,7.122507122507122,5
SunEast Flat Creek Solar II,Solar,96.13333333333334,75.42857142857143,100.0,12166,Montgomery,NY,POINT (-74.51427 42.89135),118585.0,0.07122507122507123,7.122507122507122,5
Alfred Oaks Solar,Solar,20.0,40.0,100.0,14806,Allegany,NY,POINT (-77.79301 42.16039),102989.0,0.07122507122507123,7.122507122507122,5
Riverside Solar,Solar,96.13333333333334,75.42857142857143,100.0,13622,Jefferson,NY,POINT (-76.13127 44.06767),104437.0,0.07122507122507123,7.122507122507122,5
Bear Ridge Solar,Solar,96.13333333333334,75.42857142857143,100.0,14094,Niagara,NY,POINT (-78.69511 43.16926),129284.0,0.07122507122507123,7.122507122507122,5
Brookside Solar,Solar,96.13333333333334,75.42857142857143,100.0,12920,Franklin,NY,POINT (-74.08016 44.92649),194896.0,0.07122507122507123,7.122507122507122,5
Valcour Wethersfield Windpark,Land Based Wind,96.13333333333334,75.42857142857143,99.79,14066,Wyoming,NY,POINT (-78.13413 42.64198),171276.0,0.07107549857549858,7.107549857549858,5
High Bridge Wind and Battery,Land Based Wind,5.0,20.0,99.0,13780,Chenango,NY,POINT (-75.47839 42.42805),30629.0,0.07051282051282051,7.051282051282051,75
Moraine Solar Energy Center,Solar,5.0,20.0,93.55,14807,Allegany,NY,POINT (-77.69597 42.39454),134431.0,0.06663105413105413,6.663105413105414,5
Bear Ridge Solar,Solar,96.13333333333334,75.42857142857143,92.98,14094,Niagara,NY,POINT (-78.69511 43.16926),79314.0,0.06622507122507124,6.622507122507123,20
Orangeville,Land Based Wind,96.13333333333334,75.42857142857143,92.8,14569,Wyoming,NY,POINT (-78.1332 42.74022),26538.0,0.0660968660968661,6.6096866096866105,90
Mohawk Solar,Solar,96.13333333333334,75.42857142857143,90.5,13317,Montgomery,NY,POINT (-74.57168 42.90691),151959.0,0.06445868945868946,6.445868945868946,5
Homer Solar Energy Center,Solar,96.13333333333334,75.42857142857143,90.0,13045,Cortland,NY,POINT (-76.17484 42.60348),66144.0,0.06410256410256411,6.4102564102564115,30
High River Energy Center,Solar,96.13333333333334,75.42857142857143,90.0,12010,Montgomery,NY,POINT (-74.18893 42.93896),171818.0,0.06410256410256411,6.4102564102564115,5
York Run Solar,Solar,96.13333333333334,75.42857142857143,90.0,14701,Chautauqua,NY,POINT (-79.2378 42.09605),88389.0,0.06410256410256411,6.4102564102564115,10
Valcour Chateaugay Windpark,Land Based Wind,96.13333333333334,75.42857142857143,87.63,12923,Clinton,NY,POINT (-73.9322 44.95524),61396.0,0.06241452991452991,6.2414529914529915,30
Cohocton,Land Based Wind,96.13333333333334,75.42857142857143,87.5,14826,Steuben,NY,POINT (-77.51062 42.50697),109241.0,0.062321937321937325,6.232193732193733,5
Ellenburg,Land Based Wind,96.13333333333334,75.42857142857143,81.0,12923,Clinton,NY,POINT (-73.9322 44.95524),129463.0,0.057692307692307696,5.769230769230769,5
Valcour Clinton Windpark,Land Based Wind,96.13333333333334,75.42857142857143,80.43,12923,Clinton,NY,POINT (-73.9322 44.95524),169312.0,0.057286324786324797,5.72863247863248,5
SunEast Tabletop Solar,Solar,96.13333333333334,75.42857142857143,80.0,13339,Montgomery,NY,POINT (-74.62332 42.93068),114723.0,0.05698005698005698,5.698005698005698,5
Trelina Solar Energy Center,Solar,96.13333333333334,75.42857142857143,80.0,13165,Seneca,NY,POINT (-76.8627 42.89895),106691.0,0.05698005698005698,5.698005698005698,5
"Trelina Solar Energy Center, LLC",Solar,96.13333333333334,75.42857142857143,79.8,14456,Ontario,NY,POINT (-76.98218 42.86642),97663.0,0.05683760683760684,5.683760683760684,10
Roaring Brook Wind,Land-based Wind,96.13333333333334,75.42857142857143,79.73,13404,Lewis,NY,POINT (-75.46901 43.73752),169190.0,0.056787749287749295,5.67877492877493,5
Arkwright Summit,Land Based Wind,96.13333333333334,75.42857142857143,78.4,14063,Chautauqua,NY,POINT (-79.33186 42.44029),150797.0,0.05584045584045585,5.584045584045585,5
Jericho Rise,Land Based Wind,96.13333333333334,75.42857142857143,77.7,12920,Franklin,NY,POINT (-74.08016 44.92649),139498.0,0.055341880341880346,5.534188034188035,5
Hardscrabble,Land Based Wind,96.13333333333334,75.42857142857143,74.0,13416,Herkimer,NY,POINT (-75.01815 43.19067),132499.0,0.05270655270655271,5.270655270655271,5
Valcour Ellenburg Windpark,Land Based Wind,96.13333333333334,75.42857142857143,69.5,12923,Clinton,NY,POINT (-73.9322 44.95524),175254.0,0.0495014245014245,4.95014245014245,5
Moss Ridge Solar,Solar,96.13333333333334,75.42857142857143,60.0,13681,St Lawrence,NY,POINT (-75.39336 44.41561),165469.0,0.042735042735042736,4.273504273504273,5
Shepherd's Run Solar,Solar,96.13333333333334,75.42857142857143,60.0,12521,Columbia,NY,POINT (-73.62149 42.15723),76159.0,0.042735042735042736,4.273504273504273,20
Prattsburgh Windfarm,Land Based Wind,96.13333333333334,75.42857142857143,55.5,14873,Steuben,NY,POINT (-77.28905 42.52343),22763.0,0.039529914529914535,3.9529914529914536,90
Prattsburgh,Land Based Wind,96.13333333333334,75.42857142857143,54.0,14873,Steuben,NY,POINT (-77.28905 42.52343),32973.0,0.038461538461538464,3.8461538461538463,75
Howard,Land Based Wind,96.13333333333334,75.42857142857143,51.25,14823,Steuben,NY,POINT (-77.60504 42.27),47393.0,0.036502849002849,3.6502849002849,60
East Point Energy Center,Solar,96.13333333333334,75.42857142857143,50.0,13459,Schoharie,NY,POINT (-74.61722 42.79531),157566.0,0.03561253561253561,3.561253561253561,5
Watkins Glen Solar Energy Center,Solar,96.13333333333334,75.42857142857143,50.0,14891,Schuyler,NY,POINT (-76.87373 42.38107),157661.0,0.03561253561253561,3.561253561253561,5
Hecate Energy Greene County 1,Solar,96.13333333333334,75.42857142857143,49.99,12051,Greene,NY,POINT (-73.80015 42.34806),85975.0,0.03560541310541311,3.560541310541311,10
Black River,Biomass,96.13333333333334,75.42857142857143,43.26,13602,Jefferson,NY,POINT (-75.76748 44.03764),43095.0,0.03081196581196581,3.081196581196581,60
Foothills Solar Farm,Solar,96.13333333333334,75.42857142857143,40.0,12117,Fulton,NY,POINT (-74.26411 43.10464),159437.0,0.02849002849002849,2.849002849002849,5
Dutch Hill,Land Based Wind,96.13333333333334,75.42857142857143,37.5,14826,Steuben,NY,POINT (-77.51062 42.50697),91894.0,0.02670940170940171,2.670940170940171,10
Cohocton Wind Project,Land Based Wind,96.13333333333334,75.42857142857143,37.09,14826,Steuben,NY,POINT (-77.51062 42.50697),52338.0,0.02641737891737892,2.641737891737892,45
Locust Ridge,Land Based Wind,96.13333333333334,75.42857142857143,26.0,19087,,PA,POINT (-75.39125 40.0455),61066.0,0.01851851851851852,1.851851851851852,30
Niagara Generating Facility*,Biomass,96.13333333333334,75.42857142857143,26.0,14304,Niagara,NY,POINT (-78.96109 43.09076),154061.0,0.01851851851851852,1.851851851851852,5
Silver Lake Solar,Solar,96.13333333333334,75.42857142857143,24.99,14530,Wyoming,NY,POINT (-78.0055 42.71961),75225.0,0.017799145299145298,1.7799145299145298,20
Bear Creek,Land Based Wind,96.13333333333334,75.42857142857143,22.0,18101,,PA,POINT (-75.47027 40.60263),21324.0,0.01566951566951567,1.566951566951567,90
Bellmont,Land Based Wind,96.13333333333334,75.42857142857143,21.0,12969,Franklin,NY,POINT (-74.17381 44.7338),138517.0,0.014957264957264958,1.4957264957264957,5
Greene County 1,Solar,96.13333333333334,75.42857142857143,20.0,12051,Greene,NY,POINT (-73.80015 42.34806),62068.0,0.014245014245014245,1.4245014245014245,30
Puckett Solar,Solar,96.13333333333334,75.42857142857143,20.0,13746,Chenango,NY,POINT (-75.84875 42.23408),178222.0,0.014245014245014245,1.4245014245014245,5
SunEast Highview Solar,Solar,96.13333333333334,75.42857142857143,20.0,14530,Wyoming,NY,POINT (-78.0055 42.71961),68212.0,0.014245014245014245,1.4245014245014245,30
Easton Solar Farm,Solar,96.13333333333334,75.42857142857143,20.0,12834,Washington,NY,POINT (-73.49696 43.08752),158027.0,0.014245014245014245,1.4245014245014245,5
ELP Stillwater Solar,Solar,96.13333333333334,75.42857142857143,20.0,12118,Saratoga,NY,POINT (-73.68503 42.90454),61711.0,0.014245014245014245,1.4245014245014245,30
Darby Solar,Solar,96.13333333333334,75.42857142857143,20.0,12154,Washington,NY,POINT (-73.58644 42.89705),153333.0,0.014245014245014245,1.4245014245014245,5
Branscomb Solar,Solar,96.13333333333334,75.42857142857143,20.0,12834,Washington,NY,POINT (-73.49696 43.08752),176325.0,0.014245014245014245,1.4245014245014245,5
Clear View Solar,Solar,96.13333333333334,75.42857142857143,20.0,14808,Steuben,NY,POINT (-77.47228 42.55434),156794.0,0.014245014245014245,1.4245014245014245,5
Scotch Ridge Solar,Solar,96.13333333333334,75.42857142857143,20.0,12056,Schenectady,NY,POINT (-74.13576 42.76111),96915.0,0.014245014245014245,1.4245014245014245,10
Grissom Solar,Solar,96.13333333333334,75.42857142857143,20.0,12095,Montgomery,NY,POINT (-74.36828 43.00656),78123.0,0.014245014245014245,1.4245014245014245,20
Regan Solar,Solar,96.13333333333334,75.42857142857143,20.0,12068,Montgomery,NY,POINT (-74.3745 42.95452),43398.0,0.014245014245014245,1.4245014245014245,60
Coeymans Solar,Solar,96.13333333333334,75.42857142857143,20.0,12158,Albany,NY,POINT (-73.79876 42.53269),144257.0,0.014245014245014245,1.4245014245014245,5
Rising Solar,Solar,96.13333333333334,75.42857142857143,20.0,10990,Orange,NY,POINT (-74.35825 41.25848),194245.0,0.014245014245014245,1.4245014245014245,5
Janis Solar,Solar,96.13333333333334,75.42857142857143,20.0,13040,Cortland,NY,POINT (-75.89576 42.54157),72625.0,0.014245014245014245,1.4245014245014245,20
Rock District Solar,Solar,96.13333333333334,75.42857142857143,19.99,12043,Schoharie,NY,POINT (-74.48317 42.6782),22234.0,0.014237891737891738,1.423789173789174,90
SunEast Flat Stone Solar,Solar,96.13333333333334,75.42857142857143,19.99,13478,Oneida,NY,POINT (-75.57247 43.14021),59396.0,0.014237891737891738,1.423789173789174,45
SED Skyline Solar,Solar,96.13333333333334,75.42857142857143,19.99,13476,Oneida,NY,POINT (-75.53929 43.07954),44510.0,0.014237891737891738,1.423789173789174,60
Niagara Solar,Solar,96.13333333333334,75.42857142857143,19.99,14011,Wyoming,NY,POINT (-78.28106 42.86402),155975.0,0.014237891737891738,1.423789173789174,5
SED Hills Solar,Solar,96.13333333333334,75.42857142857143,19.99,13365,Herkimer,NY,POINT (-74.85884 43.04079),112433.0,0.014237891737891738,1.423789173789174,5
SunEast Hilltop Solar,Solar,96.13333333333334,75.42857142857143,19.99,12154,Rensselaer,NY,POINT (-73.58644 42.89705),175740.0,0.014237891737891738,1.423789173789174,5
Rock District Solar,Solar,96.13333333333334,75.42857142857143,19.99,12043,Schoharie,NY,POINT (-74.48317 42.6782),158292.0,0.014237891737891738,1.423789173789174,5
SunEast Hampton Corners Solar,Solar,96.13333333333334,75.42857142857143,19.99,14462,Livingston,NY,POINT (-77.76808 42.66293),199348.0,0.014237891737891738,1.423789173789174,5
Dolan Solar,Solar,96.13333333333334,75.42857142857143,19.99,12828,Washington,NY,POINT (-73.58658 43.26888),35330.0,0.014237891737891738,1.423789173789174,75
SunEast Grassy Knoll Solar,Solar,96.13333333333334,75.42857142857143,19.99,13365,Herkimer,NY,POINT (-74.85884 43.04079),98494.0,0.014237891737891738,1.423789173789174,10
Dog Corners Solar,Solar,96.13333333333334,75.42857142857143,19.99,13026,Cayuga,NY,POINT (-76.70294 42.75771),165746.0,0.014237891737891738,1.423789173789174,5
Sky High Solar,Solar,96.13333333333334,75.42857142857143,19.99,13159,Onondaga,NY,POINT (-76.10971 42.79814),70780.0,0.014237891737891738,1.423789173789174,20
SunEast Flat Hill Solar,Solar,96.13333333333334,75.42857142857143,19.99,13365,Herkimer,NY,POINT (-74.85884 43.04079),72601.0,0.014237891737891738,1.423789173789174,20
Clear View Solar,Solar,96.13333333333334,75.42857142857143,19.99,14808,Steuben,NY,POINT (-77.47228 42.55434),154625.0,0.014237891737891738,1.423789173789174,5
Hawthorn Solar,Solar,96.13333333333334,75.42857142857143,19.99,12090,Rensselaer,NY,POINT (-73.34957 42.90196),27131.0,0.014237891737891738,1.423789173789174,90
SunEast Fairway Solar,Solar,96.13333333333334,75.42857142857143,19.99,13669,St Lawrence,NY,POINT (-75.48994 44.69424),183952.0,0.014237891737891738,1.423789173789174,5
SunEast Clay Solar,Solar,96.13333333333334,75.42857142857143,19.99,13041,Onondaga,NY,POINT (-76.18673 43.18642),102925.0,0.014237891737891738,1.423789173789174,5
Pattersonville,Solar,96.13333333333334,75.42857142857143,19.99,12137,Schenectady,NY,POINT (-74.07789 42.88897),186066.0,0.014237891737891738,1.423789173789174,5
SunEast Augustus Solar,Solar,96.13333333333334,75.42857142857143,19.99,13425,Oneida,NY,POINT (-75.46093 42.9391),178402.0,0.014237891737891738,1.423789173789174,5
SED Dog Corners Solar,Solar,96.13333333333334,75.42857142857143,19.99,13026,Cayuga,NY,POINT (-76.70294 42.75771),184914.0,0.014237891737891738,1.423789173789174,5
Somers Solar,Solar,96.13333333333334,75.42857142857143,19.99,12828,Washington,NY,POINT (-73.58658 43.26888),177342.0,0.014237891737891738,1.423789173789174,5
SunEast Kingbird Solar,Solar,96.13333333333334,75.42857142857143,19.99,14048,Chautauqua,NY,POINT (-79.33578 42.48724),60396.0,0.014237891737891738,1.423789173789174,30
Sandy Creek Solar,Solar,96.13333333333334,75.42857142857143,19.99,13605,Jefferson,NY,POINT (-76.02364 43.81029),36210.0,0.014237891737891738,1.423789173789174,75
Stern Solar,Solar,96.13333333333334,75.42857142857143,19.99,12154,Rensselaer,NY,POINT (-73.58644 42.89705),162896.0,0.014237891737891738,1.423789173789174,5
Hatchery Solar,Solar,96.13333333333334,75.42857142857143,19.99,14423,Livingston,NY,POINT (-77.8533 42.97389),52988.0,0.014237891737891738,1.423789173789174,45
Double Lock Solar,Solar,96.13333333333334,75.42857142857143,19.99,13339,Montgomery,NY,POINT (-74.62332 42.93068),87062.0,0.014237891737891738,1.423789173789174,10
Bakerstand Solar 1,Solar,96.13333333333334,75.42857142857143,19.99,14737,Cattaraugus,NY,POINT (-78.4578 42.33745),143067.0,0.014237891737891738,1.423789173789174,5
SunEast Limestone Solar,Solar,96.13333333333334,75.42857142857143,19.99,12070,Fulton,NY,POINT (-74.23969 42.95709),152225.0,0.014237891737891738,1.423789173789174,5
Little Pond Solar,Solar,96.13333333333334,75.42857142857143,19.99,12780,Orange,NY,POINT (-74.72882 41.40325),39291.0,0.014237891737891738,1.423789173789174,75
Little Pond Solar,Solar,96.13333333333334,75.42857142857143,19.99,12780,Orange,NY,POINT (-74.72882 41.40325),88405.0,0.014237891737891738,1.423789173789174,10
Tayandenega Solar,Solar,96.13333333333334,75.42857142857143,19.99,13452,Montgomery,NY,POINT (-74.67843 42.99876),27799.0,0.014237891737891738,1.423789173789174,90
Bald Mountain Solar,Solar,96.13333333333334,75.42857142857143,19.99,12834,Washington,NY,POINT (-73.49696 43.08752),76346.0,0.014237891737891738,1.423789173789174,20
Grassy Knoll Solar,Solar,96.13333333333334,75.42857142857143,19.99,13329,Herkimer,NY,POINT (-74.77379 43.09996),118569.0,0.014237891737891738,1.423789173789174,5
Hills Solar,Solar,96.13333333333334,75.42857142857143,19.99,13365,Herkimer,NY,POINT (-74.85884 43.04079),34062.0,0.014237891737891738,1.423789173789174,75
Flat Stone Solar,Solar,96.13333333333334,75.42857142857143,19.99,13478,Oneida,NY,POINT (-75.57247 43.14021),133552.0,0.014237891737891738,1.423789173789174,5
Valley Solar,Solar,96.13333333333334,75.42857142857143,19.99,13827,Tioga,NY,POINT (-76.26213 42.10271),37701.0,0.014237891737891738,1.423789173789174,75
Highview Solar,Solar,96.13333333333334,75.42857142857143,19.99,14530,Wyoming,NY,POINT (-78.0055 42.71961),73629.0,0.014237891737891738,1.423789173789174,20
Highbanks Solar,Solar,96.13333333333334,75.42857142857143,19.99,14510,Livingston,NY,POINT (-77.8741 42.72573),133073.0,0.014237891737891738,1.423789173789174,5
Watkins Road Solar,Solar,96.13333333333334,75.42857142857143,19.99,13340,Herkimer,NY,POINT (-75.07407 43.03638),115309.0,0.014237891737891738,1.423789173789174,5
West River Solar,Solar,96.13333333333334,75.42857142857143,19.99,12831,Saratoga,NY,POINT (-73.65232 43.19646),174814.0,0.014237891737891738,1.423789173789174,5
Hatchery Solar,Solar,96.13333333333334,75.42857142857143,19.99,14423,Livingston,NY,POINT (-77.8533 42.97389),197560.0,0.014237891737891738,1.423789173789174,5
Sunny Knoll Solar,Solar,96.13333333333334,75.42857142857143,19.99,12157,Schoharie,NY,POINT (-74.31147 42.6644),57958.0,0.014237891737891738,1.423789173789174,45
SED Watkins Road Solar 1,Solar,96.13333333333334,75.42857142857143,19.99,13340,Herkimer,NY,POINT (-75.07407 43.03638),108161.0,0.014237891737891738,1.423789173789174,5
Flat Hill Solar,Solar,96.13333333333334,75.42857142857143,19.99,13329,Herkimer,NY,POINT (-74.77379 43.09996),166652.0,0.014237891737891738,1.423789173789174,5
SunEast Valley Solar,Solar,96.13333333333334,75.42857142857143,19.99,13827,Tioga,NY,POINT (-76.26213 42.10271),148245.0,0.014237891737891738,1.423789173789174,5
SunEast Millers Grove Solar,Solar,96.13333333333334,75.42857142857143,19.99,13340,Herkimer,NY,POINT (-75.07407 43.03638),75820.0,0.014237891737891738,1.423789173789174,20
SunEast Morris Solar,Solar,96.13333333333334,75.42857142857143,19.99,13642,St Lawrence,NY,POINT (-75.46717 44.33572),29823.0,0.014237891737891738,1.423789173789174,90
Blue Stone Solar,Solar,96.13333333333334,75.42857142857143,19.99,12477,Ulster,NY,POINT (-73.95246 42.07778),131517.0,0.014237891737891738,1.423789173789174,5
ELP Granby Solar II,Solar,96.13333333333334,75.42857142857143,19.99,13069,Oswego,NY,POINT (-76.41527 43.32201),83581.0,0.014237891737891738,1.423789173789174,10
Magruder Solar,Solar,96.13333333333334,75.42857142857143,19.99,12525,Ulster,NY,POINT (-74.1512 41.67999),46233.0,0.014237891737891738,1.423789173789174,60
ELP Rotterdam Solar,Solar,96.13333333333334,75.42857142857143,19.99,12137,Schenectady,NY,POINT (-74.07789 42.88897),129999.0,0.014237891737891738,1.423789173789174,5
SunEast Transit Solar,Solar,96.13333333333334,75.42857142857143,19.99,14143,Genesee,NY,POINT (-78.07349 42.98365),191060.0,0.014237891737891738,1.423789173789174,5
Martin Rd Solar,Solar,96.13333333333334,75.42857142857143,19.99,14101,Cattaraugus,NY,POINT (-78.49038 42.4241),85828.0,0.014237891737891738,1.423789173789174,10
ELP Stuyvesant Solar,Solar,96.13333333333334,75.42857142857143,19.99,12173,Columbia,NY,POINT (-73.78433 42.3879),186040.0,0.014237891737891738,1.423789173789174,5
ELP Ticonderoga Solar,Solar,96.13333333333334,75.42857142857143,19.99,12883,Essex,NY,POINT (-73.42423 43.84879),118644.0,0.014237891737891738,1.423789173789174,5
Manchester Solar,Solar,96.13333333333334,75.42857142857143,19.99,14432,Ontario,NY,POINT (-77.13883 42.9615),171887.0,0.014237891737891738,1.423789173789174,5
Roosevelt Solar,Solar,2.0,8.0,19.9,13662,St Lawrence,NY,POINT (-74.89298 44.93182),50963.0,0.014173789173789173,1.4173789173789173,45
Greene County Energy Properties,Solar,96.13333333333334,75.42857142857143,19.9,12042,Greene,NY,POINT (-73.8587 42.37065),194929.0,0.014173789173789173,1.4173789173789173,5
SunEast Scipio Solar,Solar,96.13333333333334,75.42857142857143,18.0,13147,Cayuga,NY,POINT (-76.55886 42.78334),179335.0,0.012820512820512822,1.2820512820512822,5
Scipio Solar,Solar,96.13333333333334,75.42857142857143,18.0,13147,Cayuga,NY,POINT (-76.55886 42.78334),81384.0,0.012820512820512822,1.2820512820512822,10
Great Gully Solar Farm (formerly Delight Farm),Solar,96.13333333333334,75.42857142857143,16.8,13160,Cayuga,NY,POINT (-76.69542 42.83245),58257.0,0.011965811965811967,1.1965811965811968,45
Marsh Hill,Land Based Wind,96.13333333333334,75.42857142857143,16.2,14855,Steuben,NY,POINT (-77.50328 42.12147),61962.0,0.011538461538461539,1.153846153846154,30
Tayandenega Solar,Solar,96.13333333333334,75.42857142857143,15.0,13452,Montgomery,NY,POINT (-74.67843 42.99876),60835.0,0.010683760683760684,1.0683760683760684,30
Steel Winds II,Land Based Wind,96.13333333333334,75.42857142857143,15.0,14218,Erie,NY,POINT (-78.82654 42.82014),130808.0,0.010683760683760684,1.0683760683760684,5
High Falls,Hydroelectric,96.13333333333334,75.42857142857143,14.7,J0X2L,,QC,,73154.0,0.01047008547008547,1.0470085470085468,20
Seneca,Biogas - LFG,96.13333333333334,75.42857142857143,12.8,13165,Seneca,NY,POINT (-76.8627 42.89895),112443.0,0.009116809116809118,0.9116809116809118,5
Black Oak,Land Based Wind,96.13333333333334,75.42857142857143,12.6,14867,Tompkins,NY,POINT (-76.59918 42.35949),65931.0,0.008974358974358974,0.8974358974358974,30
Cody Road,Land Based Wind,96.13333333333334,75.42857142857143,10.0,13035,Madison,NY,POINT (-75.84845 42.9296),168843.0,0.007122507122507123,0.7122507122507122,5
Greene County 2,Solar,96.13333333333334,75.42857142857143,10.0,12051,Greene,NY,POINT (-73.80015 42.34806),105058.0,0.007122507122507123,0.7122507122507122,5
NYC Biogas,Biogas - ADG,96.13333333333334,75.42857142857143,9.6,10307,Richmond,NY,POINT (-74.24093 40.51133),77420.0,0.006837606837606838,0.6837606837606838,20
Chautauqua LFGE,Biogas - LFG,96.13333333333334,75.42857142857143,8.0,14701,Chautauqua,NY,POINT (-79.2378 42.09605),198976.0,0.005698005698005698,0.5698005698005698,5
Glen Park,Hydroelectric,96.13333333333334,75.42857142857143,7.18,13601,Jefferson,NY,POINT (-75.91428 43.97586),56347.0,0.005113960113960114,0.5113960113960114,45
Community Refuse LFG,Biogas - LFG,96.13333333333334,75.42857142857143,6.4,17257,,PA,POINT (-77.51692 40.05194),39448.0,0.004558404558404559,0.4558404558404559,75
Clinton Co.,Biogas - LFG,96.13333333333334,75.42857142857143,6.4,12962,Clinton,NY,POINT (-73.56636 44.69294),55910.0,0.004558404558404559,0.4558404558404559,45
Modern,Biogas - LFG,96.13333333333334,75.42857142857143,6.4,14174,Niagara,NY,POINT (-79.04796 43.2504),29804.0,0.004558404558404559,0.4558404558404559,90
Ontario,Biogas - LFG,96.13333333333334,75.42857142857143,6.4,14561,Ontario,NY,POINT (-77.09743 42.82485),198031.0,0.004558404558404559,0.4558404558404559,5
Stuyvesant Falls,Hydroelectric,96.13333333333334,75.42857142857143,6.0,12173,Columbia,NY,POINT (-73.78433 42.3879),95884.0,0.004273504273504274,0.4273504273504274,10
Steel Winds Wind Farm,Land Based Wind,96.13333333333334,75.42857142857143,5.84,14218,Erie,NY,POINT (-78.82654 42.82014),157914.0,0.004159544159544159,0.41595441595441596,5
Lyons Falls Mill Hydro,Hydroelectric,96.13333333333334,75.42857142857143,5.51,13368,Lewis,NY,POINT (-75.36537 43.61971),63275.0,0.003924501424501425,0.3924501424501425,30
School Street,Hydroelectric,96.13333333333334,75.42857142857143,5.2,12047,Albany,NY,POINT (-73.70009 42.77465),70989.0,0.003703703703703704,0.3703703703703704,20
Dolgeville Hydro,Hydroelectric,96.13333333333334,75.42857142857143,5.0,13329,Herkimer,NY,POINT (-74.77379 43.09996),42367.0,0.0035612535612535613,0.3561253561253561,60
Hannacroix Solar Facility,Solar,96.13333333333334,75.42857142857143,4.99,12087,Greene,NY,POINT (-73.8846 42.4361),116247.0,0.0035541310541310545,0.35541310541310545,5
DANC,Biogas - LFG,96.13333333333334,75.42857142857143,4.8,13682,Jefferson,NY,POINT (-75.94078 43.85022),159071.0,0.003418803418803419,0.3418803418803419,5
Hyland LFGE,Biogas - LFG,96.13333333333334,75.42857142857143,4.8,14709,Allegany,NY,POINT (-78.02061 42.30738),146629.0,0.003418803418803419,0.3418803418803419,5
Sherman Island,Hydroelectric,96.13333333333334,75.42857142857143,4.7,12804,Warren,NY,POINT (-73.67843 43.33318),127341.0,0.003347578347578348,0.33475783475783477,5
Mechanicville,Hydroelectric,96.13333333333334,75.42857142857143,4.5,12118,Saratoga,NY,POINT (-73.68503 42.90454),166371.0,0.0032051282051282055,0.32051282051282054,5
Steel Winds Wind Farm 2,Land Based Wind,96.13333333333334,75.42857142857143,4.4,14218,Erie,NY,POINT (-78.82654 42.82014),71037.0,0.003133903133903134,0.3133903133903134,20
Howard (Expansion),Land Based Wind,96.13333333333334,75.42857142857143,4.1,14823,Steuben,NY,POINT (-77.60504 42.27),48603.0,0.00292022792022792,0.292022792022792,60
AES Greenidge,Biomass,96.13333333333334,75.42857142857143,4.0,14527,Yates,NY,POINT (-77.0553 42.66363),30221.0,0.002849002849002849,0.2849002849002849,75
Henkel US Operations Corp - Geneva Facility,Land Based Wind,96.13333333333334,75.42857142857143,3.3,14456,Ontario,NY,POINT (-76.98218 42.86642),41523.0,0.0023504273504273503,0.23504273504273504,60
Lyons Falls Mill Redevelopment,Hydroelectric,96.13333333333334,75.42857142857143,3.28,13368,Lewis,NY,POINT (-75.36537 43.61971),70466.0,0.0023361823361823363,0.23361823361823364,20
Albany 2,Biogas - LFG,96.13333333333334,75.42857142857143,3.2,12205,Albany,NY,POINT (-73.79864 42.69493),32542.0,0.0022792022792022795,0.22792022792022795,75
Stewarts Bridge Hydro (Upgrade),Hydroelectric,96.13333333333334,75.42857142857143,2.9,12822,Saratoga,NY,POINT (-73.83128 43.24434),180457.0,0.0020655270655270657,0.20655270655270658,5
Stewarts Bridge,Hydroelectric,96.13333333333334,75.42857142857143,2.6,12822,Saratoga,NY,POINT (-73.83128 43.24434),117461.0,0.001851851851851852,0.1851851851851852,5
Swinging Bridge,Hydroelectric,96.13333333333334,75.42857142857143,2.18,12737,Sullivan,NY,POINT (-74.80665 41.49108),177265.0,0.0015527065527065529,0.15527065527065528,5
Higley Falls,Hydroelectric,96.13333333333334,75.42857142857143,1.9,13625,St Lawrence,NY,POINT (-74.94156 44.55449),106883.0,0.0013532763532763533,0.13532763532763534,5
Chasm Falls,Hydroelectric,96.13333333333334,75.42857142857143,1.6,12920,Franklin,NY,POINT (-74.08016 44.92649),190054.0,0.0011396011396011397,0.11396011396011398,5
Regen DG Project,Fuel Cell,96.13333333333334,75.42857142857143,1.58,10591,Westchester,NY,POINT (-73.85865 41.08007),99337.0,0.0011253561253561255,0.11253561253561255,10
Java Solar Energy Center,Solar,96.13333333333334,75.42857142857143,1.53,14009,Wyoming,NY,POINT (-78.42825 42.53383),123715.0,0.00108974358974359,0.10897435897435899,5
Norfolk,Hydroelectric,96.13333333333334,75.42857142857143,1.5,13667,St Lawrence,NY,POINT (-74.98356 44.80086),24314.0,0.0010683760683760685,0.10683760683760685,90
Buffalo BioEnergy,Biogas - ADG,96.13333333333334,75.42857142857143,1.24,14224,Erie,NY,POINT (-78.75383 42.83505),114410.0,0.0008831908831908832,0.08831908831908833,5
ATT Clean Energy Project - 400 Hamilton B,Fuel Cell,96.13333333333334,75.42857142857143,1.0,10601,Westchester,NY,POINT (-73.76344 41.03379),89334.0,0.0007122507122507123,0.07122507122507123,10
Wave Hydro,Hydroelectric,96.13333333333334,75.42857142857143,0.95,13027,Onondaga,NY,POINT (-76.33276 43.15867),134870.0,0.0006766381766381767,0.06766381766381767,5
East Norfolk,Hydroelectric,96.13333333333334,75.42857142857143,0.9,13667,St Lawrence,NY,POINT (-74.98356 44.80086),148584.0,0.000641025641025641,0.0641025641025641,5
Albany 1,Biogas - LFG,96.13333333333334,75.42857142857143,0.9,12205,Albany,NY,POINT (-73.79864 42.69493),28548.0,0.000641025641025641,0.0641025641025641,90
Fulton Unit 1,Hydroelectric,96.13333333333334,75.42857142857143,0.87,13069,Oswego,NY,POINT (-76.41527 43.32201),97389.0,0.0006196581196581197,0.06196581196581197,10
Niagara BioEnergy,Biogas - ADG,96.13333333333334,75.42857142857143,0.85,14304,Niagara,NY,POINT (-78.96109 43.09076),153187.0,0.0006054131054131054,0.06054131054131054,5
"401 Fieldcrest Dr. Elmsford, NY 10523",Fuel Cell,96.13333333333334,75.42857142857143,0.8,10523,Westchester,NY,POINT (-73.81937 41.05419),91737.0,0.0005698005698005699,0.05698005698005699,10
Rio,Hydroelectric,96.13333333333334,75.42857142857143,0.8,12737,Sullivan,NY,POINT (-74.80665 41.49108),181654.0,0.0005698005698005699,0.05698005698005699,5
Spier Falls,Hydroelectric,96.13333333333334,75.42857142857143,0.8,12822,Saratoga,NY,POINT (-73.83128 43.24434),131205.0,0.0005698005698005699,0.05698005698005699,5
Morgan Stanley Headquarters,Fuel Cell,96.13333333333334,75.42857142857143,0.79,10036,New York,NY,POINT (-73.98464 40.7591),48706.0,0.0005626780626780628,0.056267806267806274,60
Raymondville,Hydroelectric,96.13333333333334,75.42857142857143,0.7,13667,St Lawrence,NY,POINT (-74.98356 44.80086),152772.0,0.0004985754985754986,0.04985754985754986,5
Colton,Hydroelectric,96.13333333333334,75.42857142857143,0.7,13625,St Lawrence,NY,POINT (-74.94156 44.55449),157905.0,0.0004985754985754986,0.04985754985754986,5
Black Brook,Hydroelectric,96.13333333333334,75.42857142857143,0.64,12912,Clinton,NY,POINT (-73.67684 44.44009),61780.0,0.0004558404558404559,0.045584045584045586,30
Oswego Falls,Hydroelectric,96.13333333333334,75.42857142857143,0.6,13069,Oswego,NY,POINT (-76.41527 43.32201),49628.0,0.00042735042735042735,0.042735042735042736,60
North Division Street Dam Hydroelectric Facility,Hydroelectric,96.13333333333334,75.42857142857143,0.58,13021,Cayuga,NY,POINT (-76.56591 42.92936),197247.0,0.0004131054131054131,0.04131054131054131,5
Norwood,Hydroelectric,96.13333333333334,75.42857142857143,0.5,13668,St Lawrence,NY,POINT (-74.99419 44.75155),168825.0,0.00035612535612535614,0.03561253561253561,5
Eagle,Hydroelectric,96.13333333333334,75.42857142857143,0.5,13327,Lewis,NY,POINT (-75.39118 43.89781),136237.0,0.00035612535612535614,0.03561253561253561,5
ATT Clean Energy Project - 400 Hamilton A,Fuel Cell,96.13333333333334,75.42857142857143,0.5,10601,Westchester,NY,POINT (-73.76344 41.03379),158178.0,0.00035612535612535614,0.03561253561253561,5
Fulton Unit 2,Hydroelectric,96.13333333333334,75.42857142857143,0.45,13069,Oswego,NY,POINT (-76.41527 43.32201),25606.0,0.0003205128205128205,0.03205128205128205,90
Browns Falls,Hydroelectric,96.13333333333334,75.42857142857143,0.4,13670,St Lawrence,NY,POINT (-75.07083 44.18332),67327.0,0.00028490028490028494,0.028490028490028494,30
Belfort Unit 3,Hydroelectric,96.13333333333334,75.42857142857143,0.36,13327,Lewis,NY,POINT (-75.39118 43.89781),146292.0,0.0002564102564102564,0.02564102564102564,5
Effley,Hydroelectric,96.13333333333334,75.42857142857143,0.3,13327,Lewis,NY,POINT (-75.39118 43.89781),42083.0,0.00021367521367521368,0.021367521367521368,60
Allens Falls,Hydroelectric,96.13333333333334,75.42857142857143,0.3,13676,St Lawrence,NY,POINT (-74.98656 44.66987),76466.0,0.00021367521367521368,0.021367521367521368,20
Stop and Shop Clean Energy Project - Mt. Vernon,Fuel Cell,96.13333333333334,75.42857142857143,0.26,10550,Westchester,NY,POINT (-73.83827 40.91245),32244.0,0.0001851851851851852,0.01851851851851852,75
Mill Street Dam,Hydroelectric,96.13333333333334,75.42857142857143,0.22,13021,Cayuga,NY,POINT (-76.56591 42.92936),163391.0,0.0001566951566951567,0.01566951566951567,5
ATT Clean Energy Project - Rego Park,Fuel Cell,96.13333333333334,75.42857142857143,0.2,11374,Queens,NY,POINT (-73.86884 40.73194),137873.0,0.00014245014245014247,0.014245014245014247,5
Tannery Island - Tannery Island Hydro,Hydroelectric,96.13333333333334,75.42857142857143,0.17,13619,Jefferson,NY,POINT (-75.60618 43.98008),141610.0,0.0001210826210826211,0.01210826210826211,5
Wappingers Falls,Hydroelectric,96.13333333333334,75.42857142857143,0.12,12590,Dutchess,NY,POINT (-73.91438 41.59714),162651.0,8.547008547008547e-05,0.008547008547008548,5
Taylorville Hydro,Hydroelectric,96.13333333333334,75.42857142857143,0.1,13327,Lewis,NY,POINT (-75.39118 43.89781),62228.0,7.122507122507123e-05,0.0071225071225071235,30
Piercefield,Hydroelectric,96.13333333333334,75.42857142857143,0.1,12973,St Lawrence,NY,POINT (-74.61406 44.26614),107919.0,7.122507122507123e-05,0.0071225071225071235,5
Burt Dam Incremental Hydro,Hydroelectric,96.13333333333334,75.42857142857143,0.09,14028,Niagara,NY,POINT (-78.71228 43.31645),65876.0,6.41025641025641e-05,0.00641025641025641,30
Hardscrabble Wind Energy Project,Land Based Wind,96.13333333333334,75.42857142857143,0.0,13416,Herkimer,NY,POINT (-75.01815 43.19067),131718.0,0.0,0.0,5
